{
  "Cluster_0": {
    "mean_annual_return": {
      "mean": 0.15715163701337567,
      "std": 0.039800118714609464,
      "min": 0.1112029924697589,
      "max": 0.180894723325885
    },
    "annual_volatility": {
      "mean": 0.24274340850872175,
      "std": 0.10839844681887774,
      "min": 0.1441232012338689,
      "max": 0.35880502381849805
    },
    "sharpe_ratio": {
      "mean": 0.6914518144982974,
      "std": 0.16664874228878962,
      "min": 0.4998737011419637,
      "max": 0.8028988777084662
    },
    "max_drawdown": {
      "mean": -0.37827785763586325,
      "std": 0.21101039979568867,
      "min": -0.6159409107813976,
      "max": -0.21294263552076775
    },
    "market_correlation": {
      "mean": 0.2926528812217345,
      "std": 0.32137102475508705,
      "min": 0.035896782452034155,
      "max": 0.6530580084672466
    },
    "assets": [
      "LIN",
      "NEM",
      "GLD"
    ],
    "count": 3
  },
  "Cluster_1": {
    "mean_annual_return": {
      "mean": 0.1236648010709665,
      "std": 0.05178588289480954,
      "min": 0.0062359553160660705,
      "max": 0.19485872436409987
    },
    "annual_volatility": {
      "mean": 0.22779517239955863,
      "std": 0.05069729727553328,
      "min": 0.14849344105321574,
      "max": 0.3733898932131834
    },
    "sharpe_ratio": {
      "mean": 0.5419980924656094,
      "std": 0.22021773648341858,
      "min": 0.04199481991821635,
      "max": 0.8826066561003699
    },
    "max_drawdown": {
      "mean": -0.39029890183938337,
      "std": 0.11233707214515716,
      "min": -0.6275027846812441,
      "max": -0.21928028075921346
    },
    "market_correlation": {
      "mean": 0.46081309935675874,
      "std": 0.17137311755515428,
      "min": -0.14625785515730688,
      "max": 0.732234812441675
    },
    "assets": [
      "JNJ",
      "PFE",
      "UNH",
      "ABBV",
      "V",
      "HD",
      "MCD",
      "SBUX",
      "PG",
      "KO",
      "PEP",
      "WMT",
      "XOM",
      "CVX",
      "COP",
      "VZ",
      "T",
      "NEE",
      "AMT",
      "TLT",
      "VNQ"
    ],
    "count": 21
  },
  "Cluster_2": {
    "mean_annual_return": {
      "mean": 0.12521653716191053,
      "std": 0.04417073661040089,
      "min": 0.07464336268192352,
      "max": 0.19706656455077165
    },
    "annual_volatility": {
      "mean": 0.1936038954514239,
      "std": 0.025276148500794713,
      "min": 0.16570899164117148,
      "max": 0.22372324191758175
    },
    "sharpe_ratio": {
      "mean": 0.6507452897074641,
      "std": 0.21484380950337595,
      "min": 0.3688633019380119,
      "max": 0.8942932400509118
    },
    "max_drawdown": {
      "mean": -0.32140051738537356,
      "std": 0.050679996336509305,
      "min": -0.40632511584455455,
      "max": -0.27043511591798786
    },
    "market_correlation": {
      "mean": 0.8742080754398018,
      "std": 0.09279720688264767,
      "min": 0.7351127853228169,
      "max": 0.9641863037971588
    },
    "assets": [
      "SPY",
      "QQQ",
      "IWM",
      "VTI",
      "EFA",
      "EEM"
    ],
    "count": 6
  },
  "Cluster_3": {
    "mean_annual_return": {
      "mean": 0.2459087620801118,
      "std": 0.15468876348641378,
      "min": 0.04134130798862761,
      "max": 0.6847694282698318
    },
    "annual_volatility": {
      "mean": 0.33809765710065093,
      "std": 0.0901203722142592,
      "min": 0.26372419592449664,
      "max": 0.5884721662525125
    },
    "sharpe_ratio": {
      "mean": 0.7061475331443601,
      "std": 0.3137664389111542,
      "min": 0.15081651963863127,
      "max": 1.4064218766000922
    },
    "max_drawdown": {
      "mean": -0.5530399588375547,
      "std": 0.14463388985774706,
      "min": -0.8042966462522894,
      "max": -0.3714847650940688
    },
    "market_correlation": {
      "mean": 0.6514916047173461,
      "std": 0.08744671329402917,
      "min": 0.5164637199770258,
      "max": 0.8116957229022689
    },
    "assets": [
      "AAPL",
      "MSFT",
      "GOOGL",
      "NVDA",
      "META",
      "TSLA",
      "JPM",
      "BAC",
      "WFC",
      "GS",
      "AMZN",
      "BA",
      "CAT",
      "GE",
      "DIS"
    ],
    "count": 15
  }
}