{
  "Maximum Sharpe": {
    "expected_return": 0.35368233378084735,
    "volatility": 0.14054235066354753,
    "sharpe_ratio": 2.374247564562719,
    "optimization_method": "max_sharpe",
    "weights": {
      "GLD": 0.40894346709702506,
      "NEM": 0.0011570489118416217,
      "WMT": 0.12988494296416325,
      "MSFT": 0.2058530231108732,
      "JPM": 0.004745529001784034,
      "NVDA": 0.08085399581883775,
      "GS": 0.11653800151620454,
      "GE": 0.052023991579276924
    }
  },
  "Minimum Variance": {
    "expected_return": 0.09404457099377364,
    "volatility": 0.08419931812978235,
    "sharpe_ratio": 0.8793963257474784,
    "optimization_method": "min_variance",
    "weights": {
      "GLD": 0.2298990029063765,
      "WMT": 0.06487454579682264,
      "KO": 0.01363729224129572,
      "TLT": 0.34409768597954005,
      "VZ": 0.03369053652158575,
      "MCD": 0.047418962741722415,
      "PG": 0.018212080200036642,
      "JNJ": 0.08317495863391892,
      "PFE": 0.0026816395903195966,
      "ABBV": 0.020915462535740066,
      "UNH": 0.007153706531457932,
      "XOM": 0.019561774209657375,
      "EFA": 0.03602331001718752,
      "JPM": 0.04919178046414626,
      "BAC": 0.025387171912057513,
      "GE": 0.0035757882371269365
    }
  },
  "Cluster Equal Weight": {
    "expected_return": 0.30746681159266365,
    "volatility": 0.15419270608756663,
    "sharpe_ratio": 1.864334694466093,
    "optimization_method": "cluster_equal_weight",
    "weights": {
      "GLD": 0.15823052731371418,
      "NEM": 0.042131350979419994,
      "LIN": 0.049638121706865844,
      "WMT": 0.20445416178805326,
      "T": 0.004508755405141915,
      "AMT": 0.0077786838241210386,
      "V": 0.033181651265521785,
      "EFA": 0.05433973229566199,
      "QQQ": 0.19566026770433814,
      "MSFT": 0.12483388559166339,
      "NVDA": 0.043554132783837456,
      "GS": 0.05336605026409424,
      "GE": 0.028245931360404968
    },
    "cluster_allocation": {
      "0": 0.25,
      "1": 0.25,
      "2": 0.25,
      "3": 0.25
    }
  },
  "Cluster Risk Parity": {
    "expected_return": 0.2850061164972547,
    "volatility": 0.14463770530765543,
    "sharpe_ratio": 1.8322063111660025,
    "optimization_method": "cluster_risk_parity",
    "weights": {
      "GLD": 0.19872543552254246,
      "NEM": 0.05291375320982493,
      "LIN": 0.06234168287362409,
      "WMT": 0.21342557478761753,
      "T": 0.00470659880681098,
      "AMT": 0.008120011115132914,
      "V": 0.03463765634219568,
      "EFA": 0.05150294402290162,
      "QQQ": 0.1854458862670352,
      "MSFT": 0.09392518612149707,
      "NVDA": 0.032770189029151894,
      "GS": 0.04015268915060476,
      "GE": 0.021252277357440834
    },
    "cluster_allocation": {
      "0": 0.3139808716059915,
      "1": 0.2609699564453773,
      "2": 0.23694883028993668,
      "3": 0.18810034165869452
    }
  },
  "Cluster Sharpe Weighted": {
    "expected_return": 0.349214607787872,
    "volatility": 0.16759699016820342,
    "sharpe_ratio": 1.9643229121087804,
    "optimization_method": "cluster_sharpe_weighted",
    "weights": {
      "GLD": 0.12951266896223906,
      "NEM": 0.03448477234428453,
      "LIN": 0.0406291107896185,
      "WMT": 0.17555673876187655,
      "T": 0.003871490743349348,
      "AMT": 0.006679249529966023,
      "V": 0.028491777481877027,
      "EFA": 0.04412418062100053,
      "QQQ": 0.15887728238272428,
      "MSFT": 0.1886024438849363,
      "NVDA": 0.06580277338470782,
      "GS": 0.08062688630246945,
      "GE": 0.042674724568008665
    },
    "cluster_allocation": {
      "0": 0.20462655209614208,
      "1": 0.21466515676001116,
      "2": 0.2030014630037247,
      "3": 0.37770682814012213
    }
  }
}